niche,rpm,offplatform,production,demand,competition,risk,supply,notes
AI tools & tech shortcuts,8,9,8,9,5,8,10,"Tech RPM ~$0.70-1.20; SaaS affiliates pay $5-50/signup, often recurring; screen recordings are original footage by default"
Personal finance explainers,10,8,7,9,4,5,9,"Highest RPM (~$0.80-1.50); strong affiliates but many are gated; FTC/SEC scrutiny on anything that looks like advice"
Business case studies,9,6,7,7,7,8,9,"Finance-adjacent ad rates; less crowded; needs research per video"
Psychology & self-improvement,6,6,8,8,4,7,9,"Mid RPM; sells books, courses, apps; crowded with recycled quote content"
Health & fitness (faceless),7,7,6,8,3,4,8,"Good affiliates; health-claim rules and heavy competition"
TikTok Shop product demos,1,9,5,9,4,6,9,"Commission ~10-30% by category; short videos rarely hit the 1-minute Rewards minimum; needs samples and hands-on filming"
History & untold stories,4,3,7,8,6,8,10,"Watch-time monster but RPM ~$0.30-0.60 and weak affiliates"
Motivation & quotes,5,3,9,6,2,6,10,"Cheap to make; saturated; high risk of being flagged unoriginal"
True crime,4,3,7,8,4,4,9,"Huge retention; advertisers avoid it; sensitive-content rules"
Horror & scary stories,3,2,7,8,4,6,10,"Great for growth; low RPM and few products to sell"
Gameplay split-screen / satisfying clips,2,1,9,7,2,3,9,"Reused-footage format that 2026 originality rules target directly"
